{
  "id": "",
  "name": "",
  "font_family": "iconfont",
  "css_prefix_text": "icon-",
  "description": "",
  "glyphs": [
    {
      "icon_id": "915524",
      "name": "会员",
      "font_class": "huiyuan-copy",
      "unicode": "e607",
      "unicode_decimal": 58887
    },
    {
      "icon_id": "3759107",
      "name": "芝麻信用",
      "font_class": "zhimaxinyong",
      "unicode": "e685",
      "unicode_decimal": 59013
    },
    {
      "icon_id": "3845293",
      "name": "商家服务条款",
      "font_class": "shangjiafuwutiaokuan",
      "unicode": "e6f4",
      "unicode_decimal": 59124
    },
    {
      "icon_id": "5909761",
      "name": "银行卡",
      "font_class": "shuaqiaqiapianyinhangqia",
      "unicode": "e50b",
      "unicode_decimal": 58635
    },
    {
      "icon_id": "9603014",
      "name": "蚂蚁保险",
      "font_class": "mayibaoxian",
      "unicode": "e503",
      "unicode_decimal": 58627
    },
    {
      "icon_id": "9603136",
      "name": "余额",
      "font_class": "yue",
      "unicode": "e509",
      "unicode_decimal": 58633
    },
    {
      "icon_id": "9603142",
      "name": "总资产图标",
      "font_class": "zongzichantubiao",
      "unicode": "e50a",
      "unicode_decimal": 58634
    },
    {
      "icon_id": "9880836",
      "name": "花呗",
      "font_class": "huabei",
      "unicode": "e64c",
      "unicode_decimal": 58956
    },
    {
      "icon_id": "10397423",
      "name": "账单",
      "font_class": "xingzhuang",
      "unicode": "e502",
      "unicode_decimal": 58626
    },
    {
      "icon_id": "12091343",
      "name": "余额宝",
      "font_class": "icon",
      "unicode": "e504",
      "unicode_decimal": 58628
    },
    {
      "icon_id": "12684971",
      "name": "商家服务",
      "font_class": "shangjiafuwu",
      "unicode": "e505",
      "unicode_decimal": 58629
    }
  ]
}
