{
  "id": "",
  "name": "",
  "font_family": "iconfont",
  "css_prefix_text": "icon-",
  "description": "",
  "glyphs": [
    {
      "icon_id": "6221527",
      "name": "default1",
      "font_class": "default",
      "unicode": "e746",
      "unicode_decimal": 59206
    },
    {
      "icon_id": "6221535",
      "name": "default2",
      "font_class": "default1",
      "unicode": "e747",
      "unicode_decimal": 59207
    },
    {
      "icon_id": "6222236",
      "name": "default3",
      "font_class": "default2",
      "unicode": "e748",
      "unicode_decimal": 59208
    },
    {
      "icon_id": "6222239",
      "name": "default4",
      "font_class": "default3",
      "unicode": "e749",
      "unicode_decimal": 59209
    },
    {
      "icon_id": "6222367",
      "name": "default8",
      "font_class": "default4",
      "unicode": "e74a",
      "unicode_decimal": 59210
    },
    {
      "icon_id": "6228573",
      "name": "default6",
      "font_class": "default5",
      "unicode": "e74c",
      "unicode_decimal": 59212
    },
    {
      "icon_id": "6228574",
      "name": "default5",
      "font_class": "default6",
      "unicode": "e74d",
      "unicode_decimal": 59213
    },
    {
      "icon_id": "6228575",
      "name": "default7",
      "font_class": "default7",
      "unicode": "e74e",
      "unicode_decimal": 59214
    },
    {
      "icon_id": "6228576",
      "name": "default8",
      "font_class": "default8",
      "unicode": "e74f",
      "unicode_decimal": 59215
    },
    {
      "icon_id": "6228577",
      "name": "default9",
      "font_class": "default9",
      "unicode": "e750",
      "unicode_decimal": 59216
    },
    {
      "icon_id": "6228578",
      "name": "default10",
      "font_class": "default10",
      "unicode": "e751",
      "unicode_decimal": 59217
    },
    {
      "icon_id": "6228579",
      "name": "default11",
      "font_class": "default11",
      "unicode": "e752",
      "unicode_decimal": 59218
    },
    {
      "icon_id": "6228580",
      "name": "default12",
      "font_class": "default12",
      "unicode": "e753",
      "unicode_decimal": 59219
    },
    {
      "icon_id": "6228581",
      "name": "default13",
      "font_class": "default13",
      "unicode": "e754",
      "unicode_decimal": 59220
    },
    {
      "icon_id": "6228583",
      "name": "default14",
      "font_class": "default14",
      "unicode": "e755",
      "unicode_decimal": 59221
    },
    {
      "icon_id": "6228584",
      "name": "default15",
      "font_class": "default15",
      "unicode": "e756",
      "unicode_decimal": 59222
    },
    {
      "icon_id": "6228585",
      "name": "default16",
      "font_class": "default16",
      "unicode": "e757",
      "unicode_decimal": 59223
    },
    {
      "icon_id": "6228588",
      "name": "default17",
      "font_class": "default17",
      "unicode": "e758",
      "unicode_decimal": 59224
    },
    {
      "icon_id": "6228589",
      "name": "default18",
      "font_class": "default18",
      "unicode": "e759",
      "unicode_decimal": 59225
    },
    {
      "icon_id": "6228591",
      "name": "default19",
      "font_class": "default19",
      "unicode": "e75a",
      "unicode_decimal": 59226
    },
    {
      "icon_id": "6228856",
      "name": "default20",
      "font_class": "default20",
      "unicode": "e75b",
      "unicode_decimal": 59227
    },
    {
      "icon_id": "6228857",
      "name": "default22",
      "font_class": "default21",
      "unicode": "e75c",
      "unicode_decimal": 59228
    },
    {
      "icon_id": "6228858",
      "name": "default21",
      "font_class": "default22",
      "unicode": "e75d",
      "unicode_decimal": 59229
    },
    {
      "icon_id": "6228859",
      "name": "default24",
      "font_class": "default23",
      "unicode": "e75e",
      "unicode_decimal": 59230
    },
    {
      "icon_id": "6228860",
      "name": "default25",
      "font_class": "default24",
      "unicode": "e75f",
      "unicode_decimal": 59231
    },
    {
      "icon_id": "6228861",
      "name": "default23",
      "font_class": "default25",
      "unicode": "e760",
      "unicode_decimal": 59232
    },
    {
      "icon_id": "6228862",
      "name": "default26",
      "font_class": "default26",
      "unicode": "e761",
      "unicode_decimal": 59233
    },
    {
      "icon_id": "6228863",
      "name": "default28",
      "font_class": "default27",
      "unicode": "e762",
      "unicode_decimal": 59234
    },
    {
      "icon_id": "6228864",
      "name": "default30",
      "font_class": "default28",
      "unicode": "e763",
      "unicode_decimal": 59235
    },
    {
      "icon_id": "6228865",
      "name": "default27",
      "font_class": "default29",
      "unicode": "e764",
      "unicode_decimal": 59236
    },
    {
      "icon_id": "6228866",
      "name": "default29",
      "font_class": "default30",
      "unicode": "e765",
      "unicode_decimal": 59237
    },
    {
      "icon_id": "6228867",
      "name": "default31",
      "font_class": "default31",
      "unicode": "e766",
      "unicode_decimal": 59238
    },
    {
      "icon_id": "6228868",
      "name": "default32",
      "font_class": "default32",
      "unicode": "e767",
      "unicode_decimal": 59239
    },
    {
      "icon_id": "6228869",
      "name": "default33",
      "font_class": "default33",
      "unicode": "e768",
      "unicode_decimal": 59240
    }
  ]
}
