{
  "id": "",
  "name": "",
  "font_family": "iconfont",
  "css_prefix_text": "icon-",
  "description": "",
  "glyphs": [
    {
      "icon_id": "9186709",
      "name": "微信",
      "font_class": "weixin",
      "unicode": "e665",
      "unicode_decimal": 58981
    },
    {
      "icon_id": "9186710",
      "name": "QQ空间",
      "font_class": "QQkongjian",
      "unicode": "e666",
      "unicode_decimal": 58982
    },
    {
      "icon_id": "9186713",
      "name": "朋友圈",
      "font_class": "pengyouquan",
      "unicode": "e667",
      "unicode_decimal": 58983
    },
    {
      "icon_id": "9186714",
      "name": "QQ",
      "font_class": "QQ",
      "unicode": "e668",
      "unicode_decimal": 58984
    },
    {
      "icon_id": "9306311",
      "name": "微信支付",
      "font_class": "weixinzhifu",
      "unicode": "e689",
      "unicode_decimal": 59017
    },
    {
      "icon_id": "9306312",
      "name": "支付宝",
      "font_class": "zhifubao",
      "unicode": "e68a",
      "unicode_decimal": 59018
    },
    {
      "icon_id": "9306313",
      "name": "Apple pay",
      "font_class": "Applepay",
      "unicode": "e68b",
      "unicode_decimal": 59019
    },
    {
      "icon_id": "9306314",
      "name": "paypal",
      "font_class": "paypal",
      "unicode": "e68c",
      "unicode_decimal": 59020
    },
    {
      "icon_id": "9306315",
      "name": "银联",
      "font_class": "yinlian",
      "unicode": "e68d",
      "unicode_decimal": 59021
    },
    {
      "icon_id": "9306316",
      "name": "云闪付",
      "font_class": "yunshanfu",
      "unicode": "e68e",
      "unicode_decimal": 59022
    },
    {
      "icon_id": "9306758",
      "name": "Facebook",
      "font_class": "Facebook",
      "unicode": "e68f",
      "unicode_decimal": 59023
    },
    {
      "icon_id": "9306759",
      "name": "tumblr",
      "font_class": "tumblr",
      "unicode": "e690",
      "unicode_decimal": 59024
    },
    {
      "icon_id": "9306760",
      "name": "twitter",
      "font_class": "twitter",
      "unicode": "e691",
      "unicode_decimal": 59025
    },
    {
      "icon_id": "9306761",
      "name": "VK",
      "font_class": "VK",
      "unicode": "e692",
      "unicode_decimal": 59026
    },
    {
      "icon_id": "9306762",
      "name": "linkedin",
      "font_class": "linkedin",
      "unicode": "e693",
      "unicode_decimal": 59027
    },
    {
      "icon_id": "9306763",
      "name": "skype",
      "font_class": "skype",
      "unicode": "e694",
      "unicode_decimal": 59028
    },
    {
      "icon_id": "9306764",
      "name": "line",
      "font_class": "line",
      "unicode": "e695",
      "unicode_decimal": 59029
    },
    {
      "icon_id": "9306765",
      "name": "Pinterest",
      "font_class": "Pinterest",
      "unicode": "e696",
      "unicode_decimal": 59030
    },
    {
      "icon_id": "9307591",
      "name": "github",
      "font_class": "github",
      "unicode": "e697",
      "unicode_decimal": 59031
    },
    {
      "icon_id": "9307592",
      "name": "钉钉",
      "font_class": "dingding",
      "unicode": "e698",
      "unicode_decimal": 59032
    },
    {
      "icon_id": "10297245",
      "name": "Face ID",
      "font_class": "FaceID",
      "unicode": "e6c6",
      "unicode_decimal": 59078
    },
    {
      "icon_id": "10297347",
      "name": "Touch ID",
      "font_class": "TouchID",
      "unicode": "e6c7",
      "unicode_decimal": 59079
    }
  ]
}
