{
  "id": "",
  "name": "",
  "font_family": "iconfont",
  "css_prefix_text": "icon-",
  "description": "",
  "glyphs": [
    {
      "icon_id": "414667",
      "name": "更多",
      "font_class": "gengduo",
      "unicode": "e636",
      "unicode_decimal": 58934
    },
    {
      "icon_id": "1703873",
      "name": "充值中心",
      "font_class": "chongzhizhongxin",
      "unicode": "e626",
      "unicode_decimal": 58918
    },
    {
      "icon_id": "2365644",
      "name": "芝麻信用",
      "font_class": "zhimaxinyong",
      "unicode": "e649",
      "unicode_decimal": 58953
    },
    {
      "icon_id": "2979319",
      "name": "蚂蚁借呗",
      "font_class": "mayijiebei",
      "unicode": "e62a",
      "unicode_decimal": 58922
    },
    {
      "icon_id": "2979648",
      "name": "蚂蚁森林",
      "font_class": "mayisenlin",
      "unicode": "e62f",
      "unicode_decimal": 58927
    },
    {
      "icon_id": "3043644",
      "name": "我的快递",
      "font_class": "tubiaozhizuomoban",
      "unicode": "e665",
      "unicode_decimal": 58981
    },
    {
      "icon_id": "6727427",
      "name": "花呗",
      "font_class": "huabei",
      "unicode": "e513",
      "unicode_decimal": 58643
    },
    {
      "icon_id": "6737168",
      "name": "城市",
      "font_class": "chengshi",
      "unicode": "e501",
      "unicode_decimal": 58625
    },
    {
      "icon_id": "7555008",
      "name": "红包 (1)",
      "font_class": "hongbao",
      "unicode": "e660",
      "unicode_decimal": 58976
    },
    {
      "icon_id": "7622447",
      "name": "转账 copy",
      "font_class": "zhuanzhangcopy",
      "unicode": "e601",
      "unicode_decimal": 58881
    },
    {
      "icon_id": "7830162",
      "name": "余额宝",
      "font_class": "yuebao",
      "unicode": "e60b",
      "unicode_decimal": 58891
    },
    {
      "icon_id": "11243140",
      "name": "火车票、机票",
      "font_class": "huochepiaojipiao",
      "unicode": "e67e",
      "unicode_decimal": 59006
    }
  ]
}
